{
  "ip": {
    "sentinels": [
      1,
      15,
      10,
      4,
      8,
      7,
      13,
      3,
      7564,
      129
    ],
    "coverage": 2417.5644873893316,
    "runtime": 0.11575675010681152
  },
  "greedy": {
    "sentinels": [
      1,
      129,
      3,
      4,
      6,
      10,
      7564,
      13,
      15,
      18
    ],
    "coverage": 2181.268027089389,
    "runtime": 0.028918981552124023
  },
  "naive": {
    "sentinels": [
      1,
      8,
      3,
      2,
      11,
      7,
      177,
      4,
      15,
      5
    ],
    "coverage": 1569.4604424726122,
    "runtime": 0.002440929412841797
  },
  "comparison": {
    "greedy_vs_optimal_pct": 90.22584665134978,
    "naive_vs_optimal_pct": 64.91907250703512,
    "ip_improvement_over_naive_pct": 54.03793698556498,
    "greedy_speedup_factor": 4.002794839028814
  }
}